{
  "schemaVersion": 1,
  "id": "staticvault",
  "version": "1.0.0",
  "name": "Static Vault Item",
  "description": "Отключает вращение предмета внутри хранилища и зловещего хранилища",
  "authors": ["YourName"],
  "contact": {},
  "license": "MIT",
  "environment": "client",
  "entrypoints": {
    "client": [
      "com.example.staticvault.StaticVaultMod"
    ]
  },
  "depends": {
    "fabric-api": "*",
    "minecraft": "1.21.8"
  }
}
